Pair_ID,PEL_ID,PSR_ID,distance
PSR_3205 to PEL_164,164,3205,247.38633753705963
PSR_3229 to PEL_164,164,3229,553.1726674375732
PSR_3205 to PEL_168,168,3205,1749.28556845359
PSR_3229 to PEL_168,168,3229,553.1726674375732
PSR_3205 to PEL_219,219,3205,456.9463863518345
PSR_3229 to PEL_219,219,3229,989.5453501482385
PSR_3205 to PEL_237,237,3205,976.7292357659824
PSR_3229 to PEL_237,237,3229,1673.5590817177624
PSR_3423 to PEL_261,261,3423,722.4956747275377
PSR_3577 to PEL_261,261,3577,1200.0
PSR_3585 to PEL_261,261,3585,1328.1566172707194
PSR_3423 to PEL_279,279,3423,1341.640786499874
PSR_3585 to PEL_279,279,3585,1905.885620912231
PSR_3178 to PEL_284,284,3178,1973.6261044078233
PSR_3634 to PEL_320,320,3634,189.73665961010275
PSR_3661 to PEL_320,320,3661,349.85711369071805
PSR_3744 to PEL_320,320,3744,1154.1230437002807
PSR_3634 to PEL_338,338,3634,1261.4277624977183
PSR_3661 to PEL_338,338,3661,1697.0562748477141
PSR_3744 to PEL_338,338,3744,247.38633753705963
PSR_3844 to PEL_338,338,3844,1934.941859591652
PSR_3634 to PEL_352,352,3634,1879.255171603899
PSR_3744 to PEL_352,352,3744,216.33307652783935
PSR_3844 to PEL_352,352,3844,1310.4197800704933
PSR_3744 to PEL_354,354,3744,1080.0
PSR_3844 to PEL_354,354,3844,807.2174428244226
PSR_3634 to PEL_362,362,3634,1018.2337649086285
PSR_3661 to PEL_362,362,3661,1214.9074038789952
PSR_3744 to PEL_362,362,3744,216.33307652783935
PSR_3719 to PEL_386,386,3719,1615.5494421403512
PSR_3565 to PEL_391,391,3565,1756.4737401965338
PSR_4031 to PEL_391,391,4031,590.9314681077662
PSR_4192 to PEL_391,391,4192,1988.164983093707
PSR_3867 to PEL_412,412,3867,1127.2976536833562
PSR_4019 to PEL_412,412,4019,660.0
PSR_4073 to PEL_412,412,4073,891.9641248391104
PSR_4019 to PEL_435,435,4019,722.4956747275377
PSR_4073 to PEL_435,435,4073,969.3296652842107
PSR_4031 to PEL_438,438,4031,937.2299611087985
PSR_4192 to PEL_438,438,4192,865.3323061113574
PSR_4323 to PEL_438,438,4323,1369.5254652615993
PSR_3867 to PEL_440,440,3867,1776.8511473953017
PSR_4073 to PEL_440,440,4073,566.0388679233962
PSR_4192 to PEL_459,459,4192,1207.4767078498865
PSR_4323 to PEL_459,459,4323,1265.7013865837391
PSR_4192 to PEL_463,463,4192,1527.3506473629427
PSR_4323 to PEL_463,463,4323,1265.7013865837391
PSR_4323 to PEL_474,474,4323,1284.0560735419617
PSR_4475 to PEL_474,474,4475,1659.5180023127198
PSR_4192 to PEL_475,475,4192,1897.3665961010277
PSR_4323 to PEL_475,475,4323,1946.9976887505543
PSR_6634 to PEL_521,521,6634,933.3809511662428
PSR_8492 to PEL_570,570,8492,1020.0
PSR_8615 to PEL_570,570,8615,569.2099788303083
PSR_8492 to PEL_576,576,8492,1667.0932787339766
PSR_8615 to PEL_576,576,8615,865.3323061113574
PSR_8777 to PEL_576,576,8777,1994.4924166313594
PSR_19301 to PEL_642,642,19301,247.38633753705963
PSR_19301 to PEL_644,644,19301,1020.0
PSR_19486 to PEL_644,644,19486,702.2819946431775
PSR_19421 to PEL_677,677,19421,1265.7013865837391
PSR_19486 to PEL_681,681,19486,169.7056274847714
PSR_25319 to PEL_778,778,25319,891.9641248391104
PSR_26090 to PEL_794,794,26090,1440.0
PSR_26090 to PEL_807,807,26090,360.0
PSR_25131 to PEL_808,808,25131,1341.640786499874
PSR_26090 to PEL_814,814,26090,134.16407864998737
PSR_24969 to PEL_852,852,24969,1195.4915307102765
PSR_26723 to PEL_885,885,26723,1138.4199576606165
PSR_27173 to PEL_897,897,27173,1380.0
PSR_27616 to PEL_902,902,27616,1537.9206741571556
PSR_27934 to PEL_902,902,27934,1920.9372712298546
PSR_27953 to PEL_902,902,27953,1718.1385275931623
PSR_28098 to PEL_938,938,28098,379.4733192202055
PSR_28098 to PEL_939,939,28098,600.0
PSR_28098 to PEL_947,947,28098,1400.7141035914503
PSR_28767 to PEL_947,947,28767,1781.9090885900998
PSR_28790 to PEL_947,947,28790,1086.64621657649
PSR_28911 to PEL_947,947,28911,1914.366736025258
PSR_28767 to PEL_983,983,28767,1556.5346125287417
PSR_28790 to PEL_983,983,28790,268.32815729997475
PSR_28911 to PEL_983,983,28911,1548.4185480676729
PSR_24969 to PEL_985,985,24969,1655.1737068960465
PSR_24969 to PEL_1001,1001,24969,1697.0562748477141
PSR_24969 to PEL_1039,1039,24969,1831.7205026968497
PSR_28868 to PEL_1043,1043,28868,1827.785545407338
PSR_24969 to PEL_1044,1044,24969,1804.9930747789588
PSR_30897 to PEL_1120,1120,30897,432.6661530556787
PSR_31574 to PEL_1149,1149,31574,1086.64621657649
PSR_36195 to PEL_1248,1248,36195,804.9844718999243
PSR_36195 to PEL_1251,1251,36195,1620.0
PSR_36216 to PEL_1264,1264,36216,1020.0
PSR_36456 to PEL_1264,1264,36456,939.1485505499116
PSR_36216 to PEL_1266,1266,36216,1094.8972554536795
PSR_36252 to PEL_1266,1266,36252,1556.5346125287417
PSR_36456 to PEL_1266,1266,36456,1353.6617007214172
PSR_36252 to PEL_1291,1291,36252,1831.7205026968497
PSR_36461 to PEL_1291,1291,36461,780.0
PSR_36620 to PEL_1291,1291,36620,1620.0
PSR_37549 to PEL_1384,1384,37549,424.26406871192853
PSR_37549 to PEL_1385,1385,37549,1138.4199576606165
PSR_37250 to PEL_1387,1387,37250,1932.1490625725542
PSR_37798 to PEL_1387,1387,37798,1292.439553712281
PSR_38093 to PEL_1387,1387,38093,1560.0
PSR_37513 to PEL_1401,1401,37513,1086.64621657649
PSR_37549 to PEL_1402,1402,37549,1542.595215861893
PSR_37893 to PEL_1402,1402,37893,1824.8287590894658
PSR_37549 to PEL_1410,1410,37549,1120.8925015361642
PSR_37618 to PEL_1410,1410,37618,1005.7832768544126
PSR_37549 to PEL_1427,1427,37549,1236.9316876852981
PSR_37893 to PEL_1427,1427,37893,732.3933369440222
PSR_40448 to PEL_1511,1511,40448,1718.1385275931623
PSR_40560 to PEL_1511,1511,40560,1288.2546332150332
PSR_42352 to PEL_1574,1574,42352,540.0
PSR_43063 to PEL_1635,1635,43063,1369.5254652615993
PSR_45670 to PEL_1704,1704,45670,1697.0562748477141
PSR_45670 to PEL_1705,1705,45670,859.0692637965811
PSR_54039 to PEL_1875,1875,54039,1317.269904006009
PSR_54176 to PEL_1875,1875,54176,1906.8298298484845
PSR_54203 to PEL_1875,1875,54203,1980.9088823063014
