region_id,illumination,elevation,slope,size
82,58.147999999999996,2562.4903846153848,2.469576677450767,13
123,56.87345454545455,4093.8863636363635,9.823243574662643,11
134,57.81444444444445,4216.5625,3.685733391178979,18
152,59.03591111111111,7010.175,4.297859252823724,45
164,57.08900000000001,6247.796875,3.404924251139164,16
168,57.165000000000006,6227.3875,4.724413508176804,20
171,60.85458064516128,6907.802419354839,3.5357843329829555,62
184,56.42872727272727,4771.977272727273,6.823241667314009,11
197,57.65485714285715,6271.196428571428,4.426890219960894,21
204,57.02218181818182,6474.295454545455,5.608661218123003,11
219,58.05600000000001,6195.770833333333,3.7945041159788766,12
222,57.68145454545456,6842.454545454545,2.5129364403811367,11
237,58.48428571428571,6187.9375,3.741708883217403,14
240,59.630782608695654,6892.445652173913,3.6087896279666736,23
258,63.3002105263158,4945.917763157895,4.025832110329678,38
261,57.820000000000014,6028.798076923077,3.57279824752074,13
269,61.304727272727284,4983.625,4.4805449789220635,11
279,57.778000000000006,6160.8125,4.375497169792652,16
284,65.09046153846154,4972.509615384615,4.118947001603933,13
305,60.17753846153846,6796.291666666667,3.6821167041093874,39
320,64.00977049180328,5150.518442622951,4.279029673240224,61
338,61.77200000000001,5136.5,3.4205096368988355,30
352,65.37075,5090.7421875,4.305352233350277,16
354,63.88666666666668,5080.9375,4.9261355598767596,12
362,59.74875000000001,5063.171875,4.919602200388908,16
386,60.43857142857143,6166.714285714285,5.432530352047512,14
391,57.39211428571429,6746.753571428571,2.2669767567089627,35
398,58.550947368421056,6661.539473684211,5.35953802811472,19
412,62.23025641025642,6443.48717948718,4.337958537615263,39
435,62.385142857142874,6382.075892857143,4.819313155753272,28
438,58.118040816326534,6789.801020408163,2.733637034893036,49
440,61.943428571428576,6301.3125,5.195693373680115,28
459,59.40533333333333,6792.841666666666,2.516308609644572,15
463,58.939090909090915,6782.727272727273,2.5268217704512854,22
474,62.14638095238096,6756.860119047619,4.366975296111334,42
475,57.401052631578956,6761.901315789473,3.7075199892646387,19
492,63.487578947368426,6111.4473684210525,5.179893794812654,19
494,61.11107692307693,5984.682692307692,7.227979476635273,13
521,59.95233333333334,2833.7916666666665,3.8454699193437896,24
552,64.58327272727274,4417.25,3.550488927147605,11
553,64.26911111111112,4384.923611111111,4.782935195498997,18
570,58.59636363636364,1812.6363636363637,3.854804515838623,11
576,57.919200000000004,1782.14375,2.734972667694092,20
642,59.50052631578947,1510.5098684210527,2.8310540977277254,38
644,64.77923076923078,1575.2836538461538,2.36838083083813,26
677,59.19969230769231,1172.3461538461538,2.720420553134038,13
681,58.93314285714286,1530.0982142857142,3.1202447371823445,14
696,61.950500000000005,1757.109375,4.475702437261741,24
703,63.564,1744.9910714285713,2.118002163512366,14
706,59.0683076923077,1748.25,4.421358452393458,13
708,57.56588235294117,490.3382352941176,1.927775470649495,17
713,64.17423529411765,1808.2242647058824,2.8983232260626903,34
716,60.29566666666667,1794.8958333333333,3.0995461146036782,12
718,64.07822222222222,1776.013888888889,2.914068372713195,18
748,63.68640000000001,1398.4833333333333,4.980760296185811,15
757,67.67173333333334,1435.8416666666667,6.119882869720459,15
778,58.09866666666665,830.0104166666666,2.8854880730311074,12
794,61.22964705882353,1522.5,2.5378431642756745,17
807,62.877684210526326,1549.0263157894738,3.261080779527363,19
808,64.93257894736844,1580.6167763157894,5.6381225829061705,76
814,62.49663157894738,1548.796052631579,4.437676053298147,19
840,70.08652631578946,1718.3684210526317,4.94482229336312,38
844,59.697428571428574,575.6696428571429,2.1171393990516663,14
852,59.18836363636364,1187.8068181818182,3.9660870920528066,11
861,66.44164705882356,1723.5367647058824,5.151871807434979,17
872,68.0669090909091,1697.2954545454545,6.272962548516014,11
885,60.98240000000001,471.7583333333333,2.2442989190419516,15
897,62.13062857142855,1678.3321428571428,3.234772720507213,35
902,67.65789473684212,1716.6118421052631,5.712489780626799,19
906,61.692210526315804,1643.921052631579,3.7910105052747225,19
938,58.957454545454546,1836.2954545454545,6.615459333766591,11
939,62.01015384615385,1908.5096153846155,4.903638087786161,39
947,64.39200000000002,1948.4470588235295,2.997184646480224,85
983,59.48866666666666,1887.6979166666667,4.6070311069488525,12
985,64.16923076923078,1281.173076923077,3.40778435422824,13
1001,64.43914285714285,1279.3125,3.078343977885587,14
1039,59.385,1208.3020833333333,2.9996457546949387,12
1043,56.34218181818183,242.39772727272728,0.9919359927827661,11
1044,58.77314285714287,1196.0357142857142,2.008374986904008,14
1089,61.469142857142856,1642.9964285714286,3.2278820327350073,35
1095,60.25828571428571,1616.7410714285713,2.759146349770682,14
1120,59.82379999999999,1470.4125,2.784768584370613,20
1149,58.09466666666666,-665.2430555555555,3.4384886953565807,18
1160,58.20222222222222,-679.1527777777778,2.2869466609425015,18
1178,57.23628571428571,-750.6428571428571,2.5229646478380476,14
1188,58.67418181818182,420.77272727272725,2.248849270018664,11
1189,57.2930909090909,399.5113636363636,2.4412509311329234,11
1193,57.67711111111112,-882.2222222222222,1.7756890555222828,18
1196,57.86030769230769,-873.3269230769231,2.3762131344813566,13
1248,57.66568421052631,530.0131578947369,1.6696293675585796,38
1251,59.35107692307691,524.7403846153846,1.1068232838924115,13
1264,59.136571428571436,925.6011904761905,1.8693324895132155,21
1266,58.81323076923077,919.8317307692307,1.6147538263064165,26
1291,57.292,734.9545454545455,1.3784852651032535,11
1330,57.74218181818183,676.8522727272727,1.3644907758994536,11
1333,63.599157894736855,2711.0230263157896,3.3889821132546976,38
1360,62.644235294117664,2862.573529411765,3.5518091075560627,17
1384,57.24853333333335,3177.0333333333333,2.968972595532735,15
1385,60.56357894736843,3248.0986842105262,3.9847482944789685,19
1387,58.2469411764706,2914.5588235294117,4.505168882070803,102
1401,63.58427586206897,1267.0129310344828,3.4297053279547858,29
1402,60.516615384615385,3235.5096153846152,3.7079596519470215,13
1410,56.39384615384615,3218.394230769231,4.111052494782668,13
1420,57.26266666666668,1183.4791666666667,6.204108198483785,12
1427,59.69454545454546,3264.0227272727275,3.0681440288370307,11
1442,60.19466666666668,1014.2604166666666,1.9650363350907962,12
1453,60.14033333333333,932.875,2.619395062327385,12
1456,60.055076923076925,922.7115384615385,3.467255936219142,13
1457,58.20525,885.78125,4.420132353901863,16
1464,58.58950000000001,782.296875,2.5095822736620903,16
1485,58.38363636363636,499.344696969697,3.2022234725229666,33
1487,58.03161904761906,452.1666666666667,2.4447338439169384,21
1488,57.588800000000006,3383.78125,2.847051423788071,20
1511,57.92490909090909,467.1136363636364,2.5099213854833082,22
1515,61.18355555555556,3180.0694444444443,3.0273280176851483,18
1522,56.87811764705883,3172.323529411765,3.1247801535269795,17
1527,57.64555555555556,3170.840277777778,2.3503917124536304,18
1546,56.55066666666668,3135.383333333333,2.12777592142423,15
1574,57.535272727272734,-180.9318181818182,1.4123672301119023,11
1635,58.067,-10.270833333333334,2.2418504133820534,12
1704,57.93777777777777,-260.31481481481484,1.652521742714776,27
1705,57.11568000000001,-275.19,3.042862117290497,25
1809,56.657230769230765,-633.6442307692307,2.1979416058613706,13
1816,56.72836363636363,-669.0227272727273,2.665020991455425,11
1817,57.02942857142858,-774.1696428571429,2.527122361319406,14
1819,56.59745454545455,-796.3636363636364,2.8411629904400217,11
1827,58.24126315789474,-806.8157894736842,3.206784863221018,19
1833,57.62451612903227,-762.8951612903226,2.180012708710086,31
1837,58.44657142857144,-781.9821428571429,2.507619859916823,14
1842,57.60680000000001,-773.2125,2.2962262600660326,20
1875,58.51811764705884,-799.3897058823529,2.673367547638276,17
