Pair_ID,PEL_ID,PSR_ID,distance,PSR_illumination,PSR_elevation,PSR_slope,PSR_size,PSR_area_km2,PEL_illumination,PEL_elevation,PEL_slope,PEL_size,PEL_area_km2,n_distance,n_illumination,n_area,n_slope,score
PSR_24969 to PEL_840,840,24969,2292.596780945136,0.0,-1228.0385068724563,26.847067553812547,65115,234.414,70.08652631578946,1718.3684210526317,4.94482229336312,38,0.1368,0.7047686557567105,1.0,0.8385080781560619,0.39031702583293604,0.7729181990210013
PSR_24969 to PEL_1001,1001,24969,1697.0562748477141,0.0,-1228.0385068724563,26.847067553812547,65115,234.414,64.43914285714285,1279.3125,3.078343977885587,14,0.0504,0.8650287804155181,0.5827835390556378,0.8385080781560619,0.7094007359762597,0.7517068608897741
PSR_24969 to PEL_985,985,24969,1655.1737068960465,0.0,-1228.0385068724563,26.847067553812547,65115,234.414,64.16923076923078,1281.173076923077,3.40778435422824,13,0.0468,0.8762993917211195,0.5628430184748435,0.8385080781560619,0.6530812723732058,0.741221499132038
PSR_24969 to PEL_757,757,24969,2087.1032557111303,0.0,-1228.0385068724563,26.847067553812547,65115,234.414,67.67173333333334,1435.8416666666667,6.119882869720459,15,0.054,0.760067023598028,0.8216003235071504,0.8385080781560619,0.18943460183792482,0.708620361218356
PSR_24969 to PEL_872,872,24969,2580.0,0.0,-1228.0385068724563,26.847067553812547,65115,234.414,68.0669090909091,1697.2954545454545,6.272962548516014,11,0.0396,0.6274283653121502,0.8507950527537248,0.8385080781560619,0.1632648727536965,0.6670297902296369
PSR_24969 to PEL_902,902,24969,2648.8488065572938,0.0,-1228.0385068724563,26.847067553812547,65115,234.414,67.65789473684212,1716.6118421052631,5.712489780626799,19,0.0684,0.6089011312978159,0.8205779579648105,0.8385080781560619,0.2590804676788555,0.6658524691267194
PSR_24969 to PEL_861,861,24969,2520.0,0.0,-1228.0385068724563,26.847067553812547,65115,234.414,66.44164705882356,1723.5367647058824,5.151871807434979,17,0.0612,0.6435743828895935,0.730724213204877,0.8385080781560619,0.35492088616949813,0.6654080465294578
PSR_24969 to PEL_852,852,24969,1195.4915307102765,0.0,-1228.0385068724563,26.847067553812547,65115,234.414,59.18836363636364,1187.8068181818182,3.9660870920528066,11,0.0396,1.0,0.19486734038852885,0.8385080781560619,0.557636654832787,0.659807315972689
PSR_24969 to PEL_808,808,24969,2126.405417600322,0.0,-1228.0385068724563,26.847067553812547,65115,234.414,64.93257894736844,1580.6167763157894,5.6381225829061705,76,0.2736,0.7494908003197878,0.6192375289030846,0.8385080781560619,0.27179390836814055,0.6565637406692846
PSR_24969 to PEL_748,748,24969,2141.5881957089696,0.0,-1228.0385068724563,26.847067553812547,65115,234.414,63.68640000000001,1398.4833333333333,4.980760296185811,15,0.054,0.7454051102828436,0.5271725267774761,0.8385080781560619,0.38417324629865746,0.6443711492082491
PSR_24969 to PEL_1044,1044,24969,1804.9930747789588,0.0,-1228.0385068724563,26.847067553812547,65115,234.414,58.77314285714287,1196.0357142857142,2.008374986904008,14,0.0504,0.8359829559331371,0.1641917283487958,0.8385080781560619,0.8923172330765018,0.6434007536739244
PSR_24969 to PEL_1039,1039,24969,1831.7205026968497,0.0,-1228.0385068724563,26.847067553812547,65115,234.414,59.385,1208.3020833333333,2.9996457546949387,12,0.0432,0.8287905972504352,0.2093944091328551,0.8385080781560619,0.722854586915286,0.6290248354460141
PSR_25131 to PEL_808,808,25131,1341.640786499874,0.0,1279.7425337186899,8.372665053344761,519,1.8684,64.93257894736844,1580.6167763157894,5.6381225829061705,76,0.2736,0.9606711924515151,0.6192375289030846,0.09350418520998614,0.27179390836814055,0.581476099326174
PSR_27173 to PEL_897,897,27173,1380.0,0.0,1318.019781144781,8.290176761270773,297,1.0692,62.13062857142855,1678.3321428571428,3.234772720507213,35,0.126,0.9503487168610161,0.4122355025396186,0.007444670009682905,0.6826584678476353,0.5601804058423231
PSR_28138 to PEL_902,902,28138,2602.9214356180632,0.0,1178.2144859813084,7.388907330671204,535,1.926,67.65789473684212,1716.6118421052631,5.712489780626799,19,0.0684,0.6212602002723255,0.8205779579648105,0.09818556394170241,0.2590804676788555,0.5221136404249258
PSR_43063 to PEL_1635,1635,43063,1369.5254652615993,0.0,-427.8662199630314,5.226751820630154,541,1.9476,58.067,-10.270833333333334,2.2418504133820534,12,0.0432,0.9531674172277121,0.11202342316186699,0.09990507321927929,0.8524034528358514,0.5150571555474929
PSR_36252 to PEL_1266,1266,36252,1556.5346125287417,0.0,557.9664310954064,9.699322027262866,283,1.0188,58.81323076923077,919.8317307692307,1.6147538263064165,26,0.0936,0.9028432009124128,0.1671533364865173,0.0,0.9596087195475175,0.5100824291974273
PSR_40456 to PEL_1515,1515,40456,2846.0498941515416,0.0,2486.7942784851452,9.924314227985317,3063,11.0268,61.18355555555556,3180.0694444444443,3.0273280176851483,18,0.0648,0.5558342608546882,0.3422677989416892,0.3672135424334379,0.71812216698475,0.47838336451604774
PSR_36252 to PEL_1264,1264,36252,2012.4611797498108,0.0,557.9664310954064,9.699322027262866,283,1.0188,59.136571428571436,925.6011904761905,1.8693324895132155,21,0.0756,0.7801532281061667,0.19104104422893767,0.0,0.9160872364926392,0.4677790285797355
PSR_26871 to PEL_885,885,26871,2700.6665843824558,0.0,-164.532519035533,17.323749132719136,788,2.8368,60.98240000000001,471.7583333333333,2.2442989190419516,15,0.054,0.594956952104664,0.3274068620843407,0.1578893056344696,0.8519848686691945,0.4658325832892077
PSR_30218 to PEL_1120,1120,30218,2542.754412050051,0.0,994.3985680190931,5.551435003114913,1676,6.0336,59.82379999999999,1470.4125,2.784768584370613,20,0.072,0.6374511639408517,0.24181200294474356,0.2742446985162408,0.7595889031747507,0.4644387834421819
PSR_36252 to PEL_1291,1291,36252,1831.7205026968497,0.0,557.9664310954064,9.699322027262866,283,1.0188,57.292,734.9545454545455,1.3784852651032535,11,0.0396,0.8287905972504352,0.05476810136557279,0.0,1.0,0.45650713944732413
PSR_25131 to PEL_840,840,25131,4144.77984940093,0.0,1279.7425337186899,8.372665053344761,519,1.8684,70.08652631578946,1718.3684210526317,4.94482229336312,38,0.1368,0.20634564942454203,1.0,0.09350418520998614,0.39031702583293604,0.4494693682155273
PSR_33488 to PEL_1188,1188,33488,3386.148254285391,0.0,-997.0412386927342,9.014504549663426,17135,61.686,58.67418181818182,420.77272727272725,2.248849270018664,11,0.0396,0.41049363391686444,0.15688070108297572,0.6326714533104105,0.8512069636380653,0.44495231740358715
PSR_2809 to PEL_171,171,2809,2451.2037858978597,0.0,6053.364416475973,15.299565925205327,437,1.5732,60.85458064516128,6907.802419354839,3.5357843329829555,62,0.2232,0.6620874642588387,0.31796384493197105,0.0669895610043534,0.6311990421963865,0.43519753450051346
PSR_33488 to PEL_1189,1189,33488,3189.043743820395,0.0,-997.0412386927342,9.014504549663426,17135,61.686,57.2930909090909,399.5113636363636,2.4412509311329234,11,0.0396,0.4635345154262175,0.054848695366927464,0.6326714533104105,0.8183149469684962,0.4279732217166109
PSR_53252 to PEL_1833,1833,53252,2174.948275247023,0.0,-1504.8032258064516,11.562817865225577,465,1.674,57.62451612903227,-762.8951612903226,2.180012708710086,31,0.1116,0.7364279031060716,0.07933367294002544,0.07656485445263898,0.862974914647038,0.4263090760567162
PSR_53252 to PEL_1837,1837,53252,2287.0942263055103,0.0,-1504.8032258064516,11.562817865225577,465,1.674,58.44657142857144,-781.9821428571429,2.507619859916823,14,0.0504,0.7062493948222479,0.14006533837159194,0.07656485445263898,0.8069688499584237,0.4255651880835557
PSR_40456 to PEL_1546,1546,40456,2588.358553214759,0.0,2486.7942784851452,9.924314227985317,3063,11.0268,56.55066666666668,3135.383333333333,2.12777592142423,15,0.054,0.6251790761933587,0.0,0.3672135424334379,0.8719050520908658,0.423041142967993
PSR_2206 to PEL_164,164,2206,2656.3132345414388,0.0,4857.636096559536,26.28457378757991,7063,25.4268,57.08900000000001,6247.796875,3.404924251139164,16,0.0576,0.6068924515405232,0.0397709009466733,0.49602797916075136,0.6535702211584592,0.4215847573291043
PSR_40456 to PEL_1527,1527,40456,2820.638225650358,0.0,2486.7942784851452,9.924314227985317,3063,11.0268,57.64555555555556,3170.840277777778,2.3503917124536304,18,0.0648,0.5626725482928928,0.08088802021228393,0.3672135424334379,0.8338477803030719,0.41972167349834605
PSR_2904 to PEL_82,82,2904,2586.2714474702766,0.0,1599.1395228215767,13.447901507012578,964,3.4704,58.147999999999996,2562.4903846153848,2.469576677450767,13,0.0468,0.6257407169606319,0.11800752776251165,0.1889711610739333,0.8134725203768088,0.4142266195362827
PSR_2206 to PEL_168,168,2206,2400.0,0.0,4857.636096559536,26.28457378757991,7063,25.4268,57.165000000000006,6227.3875,4.724413508176804,20,0.072,0.6758664180444801,0.04538561637443845,0.49602797916075136,0.42799699904357535,0.41357407691658615
PSR_27173 to PEL_906,906,27173,2700.0,0.0,1318.019781144781,8.290176761270773,297,1.0692,61.692210526315804,1643.921052631579,3.7910105052747225,19,0.0684,0.5951363301572636,0.3798461267277055,0.007444670009682905,0.5875668642572067,0.41187551721387144
PSR_38273 to PEL_1485,1485,38273,2329.978540673712,0.0,128.65216390423572,9.569809704744575,543,1.9548,58.38363636363636,499.344696969697,3.2022234725229666,33,0.1188,0.6947092132624881,0.1354158320552972,0.10047400769197963,0.6882229229624173,0.4071012142412185
PSR_2809 to PEL_222,222,2809,2340.0,0.0,6053.364416475973,15.299565925205327,437,1.5732,57.68145454545456,6842.454545454545,2.5129364403811367,11,0.0396,0.6920124356219234,0.08354015984948257,0.0669895610043534,0.806059954202303,0.40157330575373407
PSR_17786 to PEL_778,778,17786,4345.342334039978,0.0,-2226.3645121662103,10.976895011597273,185596,668.1456,58.09866666666665,830.0104166666666,2.8854880730311074,12,0.0432,0.15237422605191264,0.11436288792343492,1.0,0.7423704078624671,0.39899540667457
PSR_21626 to PEL_708,708,21626,4159.0864381496085,0.0,-1520.0687685007836,13.752404542489577,68916,248.0976,57.56588235294117,490.3382352941176,1.927775470649495,17,0.0612,0.20249574220105182,0.07500193652940897,0.8472552995920306,0.9060961194792979,0.39873956856949166
PSR_53252 to PEL_1827,1827,53252,2334.6091750012465,0.0,-1504.8032258064516,11.562817865225577,465,1.674,58.24126315789474,-806.8157894736842,3.206784863221018,19,0.0684,0.69346310820837,0.12489760791348238,0.07656485445263898,0.6874431306362604,0.3986108107329411
PSR_38631 to PEL_1488,1488,38631,2389.4769302087852,0.0,2857.0313169164883,7.67480861910916,467,1.6812,57.588800000000006,3383.78125,2.847051423788071,20,0.072,0.678698179208107,0.07669504266768945,0.07722657678663176,0.7489413433746794,0.38833939238667253
PSR_37920 to PEL_1387,1387,37920,2184.0329667841556,0.0,2204.5669568822555,13.929883531373532,603,2.1708,58.2469411764706,2914.5588235294117,4.505168882070803,102,0.3672,0.7339832099520018,0.12531708763054822,0.11663339798195331,0.46547795349494814,0.387637622392998
PSR_40456 to PEL_1522,1522,40456,2791.128803907122,0.0,2486.7942784851452,9.924314227985317,3063,11.0268,56.87811764705883,3172.323529411765,3.1247801535269795,17,0.0612,0.5706135423290007,0.02419136936111565,0.3672135424334379,0.7014622418155432,0.38563419538250404
PSR_24585 to PEL_794,794,24585,3893.0707674020005,0.0,153.3367385786802,15.007738650283837,1970,7.092,61.22964705882353,1522.5,2.5378431642756745,17,0.0612,0.27408063713048936,0.34567293939547344,0.29916398849679554,0.8018020264236183,0.3797332064772152
PSR_17786 to PEL_677,677,17786,4895.794113318084,0.0,-2226.3645121662103,10.976895011597273,185596,668.1456,59.19969230769231,1172.3461538461538,2.720420553134038,13,0.0468,0.004247490989258695,0.19570427809491264,1.0,0.7705895177423685,0.37578633293606956
PSR_25131 to PEL_757,757,25131,4077.352081927682,0.0,1279.7425337186899,8.372665053344761,519,1.8684,67.67173333333334,1435.8416666666667,6.119882869720459,15,0.054,0.2244904814050558,0.8216003235071504,0.09350418520998614,0.18943460183792482,0.37216779286160057
PSR_2809 to PEL_240,240,2809,2817.445651649735,0.0,6053.364416475973,15.299565925205327,437,1.5732,59.630782608695654,6892.445652173913,3.6087896279666736,23,0.0828,0.5635316708917486,0.22755229603969698,0.0669895610043534,0.6187184255236164,0.37170744965343416
PSR_28138 to PEL_872,872,28138,4147.384718108509,0.0,1178.2144859813084,7.388907330671204,535,1.926,68.0669090909091,1697.2954545454545,6.272962548516014,11,0.0396,0.20564467849221701,0.8507950527537248,0.09818556394170241,0.1632648727536965,0.37134099699978834
PSR_4900 to PEL_492,492,4900,3265.4555578050667,0.0,5625.338362068966,6.475182591841139,290,1.044,63.487578947368426,6111.4473684210525,5.179893794812654,19,0.0684,0.4429720738975368,0.5124840579409605,0.003767264101334019,0.35013038867273494,0.3620584543676031
PSR_35907 to PEL_1264,1264,35907,3182.2633454822685,0.0,184.60306291390728,9.361549223100901,302,1.0872,59.136571428571436,925.6011904761905,1.8693324895132155,21,0.0756,0.46535912260537504,0.19104104422893767,0.010018704203921916,0.9160872364926392,0.35960483249524283
PSR_53252 to PEL_1842,1842,53252,2960.1351320505623,0.0,-1504.8032258064516,11.562817865225577,465,1.674,57.60680000000001,-773.2125,2.2962262600660326,20,0.072,0.5251338899139484,0.07802484369005505,0.07656485445263898,0.843107632596081,0.3489834303568384
PSR_38273 to PEL_1487,1487,38273,3222.7317604789882,0.0,128.65216390423572,9.569809704744575,543,1.9548,58.03161904761906,452.1666666666667,2.4447338439169384,21,0.0756,0.4544690602742366,0.10940955501473137,0.10047400769197963,0.8177195257819688,0.33463976800609346
PSR_2206 to PEL_219,219,2206,3701.0809231898725,0.0,4857.636096559536,26.28457378757991,7063,25.4268,58.05600000000001,6195.770833333333,3.7945041159788766,12,0.0432,0.3257451604528163,0.11121076698153333,0.49602797916075136,0.5869696142082594,0.3346250742163349
PSR_30218 to PEL_1095,1095,30218,4080.441152620633,0.0,994.3985680190931,5.551435003114913,1676,6.0336,60.25828571428571,1616.7410714285713,2.759146349770682,14,0.0504,0.2236592115766165,0.27391086667032,0.2742446985162408,0.7639691510514677,0.3298982964138801
PSR_24585 to PEL_807,807,24585,4645.255644203018,0.0,153.3367385786802,15.007738650283837,1970,7.092,62.877684210526326,1549.0263157894738,3.261080779527363,19,0.0684,0.07166746642521848,0.46742635546385,0.29916398849679554,0.6781609748903323,0.3268684638208904
PSR_35907 to PEL_1266,1266,35907,3579.9441336423115,0.0,184.60306291390728,9.361549223100901,302,1.0872,58.81323076923077,919.8317307692307,1.6147538263064165,26,0.0936,0.35834310600798247,0.1671533364865173,0.010018704203921916,0.9596087195475175,0.3215111368216611
PSR_37102 to PEL_1266,1266,37102,3609.9861495579175,0.0,62.506107491856675,8.884864096532816,307,1.1052,58.81323076923077,919.8317307692307,1.6147538263064165,26,0.0936,0.3502587907240623,0.1671533364865173,0.012550469911482294,0.9596087195475175,0.3191879796138011
PSR_33925 to PEL_1264,1264,33925,4911.578157781875,0.0,-366.4430719938371,7.1224929643995125,14279,51.4044,59.136571428571436,925.6011904761905,1.8693324895132155,21,0.0756,0.0,0.19104104422893767,0.604559121504571,0.9160872364926392,0.3156372230434914
PSR_30218 to PEL_1089,1089,30218,4409.89795800311,0.0,994.3985680190931,5.551435003114913,1676,6.0336,61.469142857142856,1642.9964285714286,3.2278820327350073,35,0.126,0.13500228873138675,0.36336637036532293,0.2742446985162408,0.6838364650424391,0.31368512162519624
PSR_28138 to PEL_861,861,28138,4686.149805543992,0.0,1178.2144859813084,7.388907330671204,535,1.926,66.44164705882356,1723.5367647058824,5.151871807434979,17,0.0612,0.060662835628115586,0.730724213204877,0.09818556394170241,0.35492088616949813,0.31332450214506874
PSR_2206 to PEL_237,237,2206,4081.7643244067876,0.0,4857.636096559536,26.28457378757991,7063,25.4268,58.48428571428571,6187.9375,3.741708883217403,14,0.0504,0.22330314566132947,0.14285158813273785,0.49602797916075136,0.5959952206713602,0.309616456354141
PSR_52596 to PEL_1827,1827,52596,3358.392472597567,0.0,-1850.470799180328,15.127241524150136,488,1.7568,58.24126315789474,-806.8157894736842,3.206784863221018,19,0.0684,0.4179627229003191,0.12489760791348238,0.08400840805360854,0.6874431306362604,0.30367438659531715
PSR_37102 to PEL_1264,1264,37102,3859.6372886580934,0.0,62.506107491856675,8.884864096532816,307,1.1052,59.136571428571436,925.6011904761905,1.8693324895132155,21,0.0756,0.28307759605505933,0.19104104422893767,0.012550469911482294,0.9160872364926392,0.2963126513441444
PSR_52596 to PEL_1833,1833,52596,3684.0195439221,0.0,-1850.470799180328,15.127241524150136,488,1.7568,57.62451612903227,-762.8951612903226,2.180012708710086,31,0.1116,0.3303363826120309,0.07933367294002544,0.08400840805360854,0.862974914647038,0.28566575460399585
PSR_53252 to PEL_1819,1819,53252,3300.0,0.0,-1504.8032258064516,11.562817865225577,465,1.674,56.59745454545455,-796.3636363636364,2.8411629904400217,11,0.0396,0.4336761543828307,0.003456587169246159,0.07656485445263898,0.7499480002128793,0.28062880110722427
PSR_2809 to PEL_152,152,2809,3568.8653659111324,0.0,6053.364416475973,15.299565925205327,437,1.5732,59.03591111111111,7010.175,4.297859252823724,45,0.162,0.36132440565004953,0.18360447794724993,0.0669895610043534,0.5009185611355844,0.27008058173290067
PSR_53252 to PEL_1817,1817,53252,3780.0,0.0,-1504.8032258064516,11.562817865225577,465,1.674,57.02942857142858,-774.1696428571429,2.527122361319406,14,0.0504,0.3045080137632843,0.03536989280122526,0.07656485445263898,0.8036348007744558,0.2530469636642132
PSR_38631 to PEL_1427,1427,38631,4368.065933568311,0.0,2857.0313169164883,7.67480861910916,467,1.6812,59.69454545454546,3264.0227272727275,3.0681440288370307,11,0.0396,0.14625929876179178,0.23226295701747543,0.07722657678663176,0.7111444677724974,0.2429866271950707
PSR_41410 to PEL_1574,1574,41410,4284.016806689721,0.0,-1015.7338501291989,6.754089725957052,387,1.3932,57.535272727272734,-180.9318181818182,1.4123672301119023,11,0.0396,0.16887694342763304,0.07274056366784687,0.04825525048774221,0.9942077103107732,0.23971130594419002
PSR_4900 to PEL_474,474,4900,4527.118288713031,0.0,5625.338362068966,6.475182591841139,290,1.044,62.14638095238096,6756.860119047619,4.366975296111334,42,0.1512,0.10345826339678521,0.4133992543337965,0.003767264101334019,0.4891028312984046,0.23434904600404127
PSR_2206 to PEL_279,279,2206,4762.730309391873,0.0,4857.636096559536,26.28457378757991,7063,25.4268,57.778000000000006,6160.8125,4.375497169792652,16,0.0576,0.04005499960782666,0.09067272896944283,0.49602797916075136,0.4876459747954067,0.21357356060503344
PSR_2809 to PEL_305,305,2809,4610.63986882515,0.0,6053.364416475973,15.299565925205327,437,1.5732,60.17753846153846,6796.291666666667,3.6821167041093874,39,0.1404,0.08098258172034989,0.2679454344894031,0.0669895610043534,0.6061827987683746,0.21305286596507023
PSR_28138 to PEL_939,939,28138,4883.646178829912,0.0,1178.2144859813084,7.388907330671204,535,1.926,62.01015384615385,1908.5096153846155,4.903638087786161,39,0.1404,0.007516503718852929,0.4033350907152014,0.09818556394170241,0.3973576697053183,0.20287206676029718
PSR_37475 to PEL_1291,1291,37475,4681.538208751478,0.0,-44.503826530612244,12.60508335832836,294,1.0584,57.292,734.9545454545455,1.3784852651032535,11,0.0396,0.06190381767598252,0.05476810136557279,0.005879366543231771,1.0,0.18927263990491205
PSR_52596 to PEL_1817,1817,52596,4483.570006144657,0.0,-1850.470799180328,15.127241524150136,488,1.7568,57.02942857142858,-774.1696428571429,2.527122361319406,14,0.0504,0.11517711899372574,0.03536989280122526,0.08400840805360854,0.8036348007744558,0.18826986121506165
PSR_52596 to PEL_1819,1819,52596,4325.413275052454,0.0,-1850.470799180328,15.127241524150136,488,1.7568,56.59745454545455,-796.3636363636364,2.8411629904400217,11,0.0396,0.15773714166382036,0.003456587169246159,0.08400840805360854,0.7499480002128793,0.1855388573757646
PSR_4900 to PEL_494,494,4900,4191.419807177515,0.0,5625.338362068966,6.475182591841139,290,1.044,61.11107692307693,5984.682692307692,7.227979476635273,13,0.0468,0.19379482312334273,0.3369132345211483,0.003767264101334019,0.0,0.16965561126978126
PSR_28138 to PEL_938,938,28138,4438.783617163603,0.0,1178.2144859813084,7.388907330671204,535,1.926,58.957454545454546,1836.2954545454545,6.615459333766591,11,0.0396,0.12722914938903096,0.17780827676828376,0.09818556394170241,0.10471335139730986,0.13321680081458293
